No.;Place name;Site and location no. ;Parish;Latitude;Longitude;Inventory no.;Other nos.;Condition (B, Hp. Fp, Unc.);Typology (Sjøvold 1993);Typology (Meyer 1935);Typology  (Leigh 1980);Typology (Hines 1997);Typology notes;Chronology;Find context;Sampling Information;Image (yes/no);Short Description (from GenReg);Placering (IKKE TIL PUBLICERING);;;
1;Møllebakken, Bornholm;60405;Østerlarsker sogn;55.16416079;14.97724492;C 6;;B.+Hp.+Fp.;A-2c;Tidlig planfotspenne;Series I/Series II;Group IV;"Silver, gilded, rectangular headplate with spiral ornament inside border and crescent relief outside; band-shaped bow with central rib and dotted ornament on each side; two animal heads with open mouths at bow base framing a rhombic footplate with inner rhombus, undivided; frontal animal head at foot terminal.";Phase D2a;Grave;;Yes;Relief fibula, silver and gold, Early Germanic Iron Age.;Magasin: B.10.2.02 - 04.01.01.1. ;;;
2;Møllebakken, Bornholm;60405;Østerlarsker sogn;55.16416079;14.97724492;C 32;;B.+Hp.+Fp.;A-6c;Sent plantfotspenne;Not applicable;Not applicable;"Silver, gilded, headplate slightly rounded, almost cross-shaped, with three lateral frontal animal heads; geometric and light spiral ornament, two stylized animal heads formed; bow band-shaped with four rows of line ornament; footplate partly rectangular with symmetrical ornament, central spiral motif, two beaked animal heads above and below axis; frontal animal head at foot terminal.";Phase D2a;Grave;;Yes;Relief fibula, silver and gold, Early Germanic Iron Age.;Udstilling: Prinsens Palais - stuen - rum 24 - Uspecificeret plads. Kommentar: ifølge udstillingsdatabasen 24.01.07;;;
3;Møllebakken, Bornholm;60405;Østerlarsker sogn;55.16416079;14.97724492;C 33;;B.+Hp.+Fp.;A-1e;Tidlig planfotspenne;Series I/Series II;Group IV*;"Silver, gilded; rectangular headplate with applied knobs (6 on long sides, 3 on short sides), spiral ornament; band-shaped bow with central rib and spiral ornament; lozenge-shaped footplate with central rib dividing spiral ornament, symmetrical beaked animals on each side; lower part of footplate missing. *To a degrée applicable to group IV";;;;Yes;Relief fibula, silver and gold, Early Germanic Iron Age.;Udstilling: Prinsens Palais - stuen - rum 24 - Uspecificeret plads. Kommentar: ifølge udstillingsdatabasen 24.01.07;;;
4;Møllebakken, Bornholm;60405;Østerlarsker sogn;55.16416079;14.97724492;C 34;;B.+Hp.+Fp.;A-6f;Tidlig planfotspenne;Not applicable;Not applicable;"Silver, gilded; rounded headplate with spiral ornament and three large knobs; band-shaped bow with three ribs; angular lozenge-shaped footplate with line ornament; terminal ending in frontal animal head.";;;;Yes;Relief fibula, silver with gilding, Early Germanic Iron Age;Udstilling: Prinsens Palais - stuen - rum 24 - Uspecificeret plads. Kommentar: ifølge udstillingsdatabasen 24.01.07;;;
5;Møllebakken, Bornholm;60405;Østerlarsker sogn;55.16416079;14.97724492;C 40;;Unc.;;;;;;;;;Yes;Relief fibula;Udstilling: Prinsens Palais - stuen - rum 24 - Uspecificeret plads. Kommentar: ifølge udstillingsdatabasen 24.01.07;;;
6;Selvejergård;60106;Rutsker sogn;55.18975155;14.71935752;C 120;;B.+Hp.+Fp.;A-6c;Tidlig planfotspenne;Not applicable;Not applicable;"Silver; semi-rounded headplate with two preserved (likely three original) knobs shaped as animal heads; simple band-shaped bow with central rib; lozenge-shaped footplate containing a field of nine smaller lozenges, undivided; beaked animal head on each side; terminal ending in frontal animal head.";Phase D2a;Stray find;;Yes;Relief fibula;Magasin: B.10.2.02 - 04.01.01.1. ;;;
7;Skjernede;70103;Gundslev sogn;54.93414217;11.97579997;C 288;;B.+Hp.+Fp.;B3;Not applicable;Not applicable;Not applicable;"Silver, heavily gilded; semicircular headplate with one large knob and geometric ornament, three inset red semi-precious stones (central large oval, two small circular); band-shaped bow with central circular disc set with a stone, spiral ornament; semicircular footplate with two beaked animals, spiral ornament, two square red stones, two circular serving as bird eyes and one central round blue stone; border decorated with T-shaped niello inlays.";Phase D1;Hoard;;Yes;Relief fibula;Udstilling: Prinsens Palais - stuen - rum 23 - Uspecificeret plads. Kommentar: ifølge udstillingsdatabasen 23.07.05;;;
8;Skonager;190509;Næsbjerg sogn;55.62260981;8.604576591;C 719;;B.;;;;;;;Hoard;;Yes;Fragment of relief fibula (1 item number of 2);Magasin: B.10.2.02 - 04.01.01.1. ;;;
9;St. Kannikegård;60201;Bodilsker sogn;55.07725483;15.02207607;C 1499;;Hp.;;;;;;;;;Yes;Relief fibula;Retrodata: Ø.A.1.01 - 09.03.05.1. Kommentar: Ø.A.1.01, Plads: 09.03.05.1, GruppeNr.: 42;;;
10;Filholm Mose, Thise;100112;Tise sogn;57.29865159;9.843737249;C1577;;B.+Hp.+Fp.;Ridge-foot, main group;;;;;Phase D2a;Hoard;Excluded from sampling (non-silver);Yes;Relief fibula;Retrodata: Kommentar: Overflyttet til magasin : B.box531;;;
11;Melsted, Bornholm;60402;Gudhjem sogn;55.20800225;14.96225115;C 2943;;B.+Hp.+Fp.;A-6f;Tidlig planfotspenne;Not applicable;Not applicable;"Silver; semicircular headplate with three knobs each forming a frontal animal head, ornamented with two spirals; band-shaped bow with central rib, circular ornament on each side; lozenge-shaped footplate with symmetrical spiral ornament; terminal ending in larger frontal animal head.";Phase D2a;Grave;;Yes;Relief fibula;Retrodata: Kommentar: Overflyttet til magasin : B.box.532;;;
12;Melsted, Bornholm;60402;Gudhjem sogn;55.20800225;14.96225115;C 2944;;B.+Hp.+Fp.;A-1e;Tidlig planfotspenne;Series I/Series II;Group IV*;"Silver, gilded; rectangular headplate with applied knobs (6 on long sides, 3 on short sides), spiral ornament; band-shaped bow with central rib and spiral ornament; lozenge-shaped footplate with central rib dividing spiral ornament, symmetrical beaked animals on each side; lower part of footplate missing. *To a degrée applicable to group IV";Phase D2a;Grave;;Yes;Relief fibula;Udstilling: Prinsens Palais - stuen - rum 24 - Uspecificeret plads. Kommentar: ifølge udstillingsdatabasen 24.05.01;;;
13;Nedelsø Mose, Ganløse;10602;Ganløse sogn;55.81694512;12.25874448;C3500;;;Plane-foot;;;;;Phase D2a;Hoard;Excluded from sampling (non-silver);Yes;Relief fibula;Retrodata: Kommentar: Overflyttet til magasin : B.box.532;;;
14;Kjellers Mose, Ringkøbing;180202;Estvad sogn;56.50982337;8.95912142;C 5221;;B.+Hp.+Fp.;A-1;Tidlig planfotspenne;Series I/Series II;Group IV*;"Fragmentary silver; rectangular headplate richly decorated with spiral ornament, sides framed by triangles ending in trefoil motif (preserved on one side, assumed on all); band-shaped bow with little to no ornament, no division; footplate divided by central rib with simple line ornament; further details indeterminable due to preservation. *To a degrée applicable to group IV";Phase D2a;Hoard;;Yes;Relief fibula;Retrodata: Kommentar: Overflyttet til magasin : B.box.532;;;
15;Ullits Vasernes Mark;120213;Ullits sogn;56.7389622;9.319553324;C7154;;;;;;;;;;Excluded from sampling (non-silver);Yes;"""Relief fibula""";Retrodata: Kommentar: Overflyttet til magasin : B.box.533;;;
16;Nørre Tranders;120108;Nørre Tranders sogn;57.0331854;9.981615394;C7648;;;;;;;;;;Excluded from sampling (non-silver);Yes;Relief fibula, bronze, Early Germanic Iron Age.;Magasin: Vinge - rum 02 - 04.05.02.1 / Pakkenr 143878 <- 127612. ;;;
17;Tåstrupgård, København;20207;Høje Tåstrup Sogn sogn;55.64882481;12.20028147;C 26665;;Hp.;B-2;;;;;Phase D1;Grave;;Yes;Relief fibula;Retrodata: Kommentar: Overflyttet til magasin : B.box.533;;;
18;Smørengegård;60305;Vestermarie sogn;55.14096933;14.84932501;C32032;;;;;;;;;;Excluded from sampling (non-silver);Yes;Relief fibula, fragment., bronze, Early Germanic Iron Age.;Deponering: Bornholms Museum. ;;;
19;Lille Norge;100406;Saltum sogn;57.26096348;9.713565759;C 34747;;;;;;;;;;Excluded from sampling (non-silver);Yes;Fragment of footplate for relief fibula, gilded bronze, Early Germanic Iron Age.;Deponering: Vendsyssel Historiske Museum. Kommentar: Notat: Deponering: Indtil videre. - OBS: Danefæfund må kun monteres efter forudgående aftale med NM's Bevaringsafdeling;;;
20;Ndr. Mulebygård;60302;Nyker sogn;55.16485255;14.8014849;C 35104;;Hp.+B.;;;;;;;;;Yes;Fragment of relief fibula with rectangular head plate, silver (11.07 g), Early Germanic Iron Age.;Deponering: Bornholms Museum. ;;;
21;Ndr. Mulebygård;60302;Nyker sogn;55.16485255;14.8014849;C 35119;;Fp.;;;;;;;;;Yes;Fragment of a relief fibula, silver with gilding (4.40 g), Early Germanic Iron Age.;Deponering: Bornholms Museum. ;;;
22;Ndr. Mulebygård;60302;Nyker sogn;55.16485255;14.8014849;C 35120;;Hp.;;;;;;;;;Yes;Fragment of a relief fibula with a rectangular head plate, silver with gilding (16.75 g), Early Germanic Iron Age.;Deponering: Bornholms Museum. ;;;
23; Bakkegård / Agerbygård;60405;Østerlarsker sogn;55.16416079;14.97724492;C 35166;;Fp.;;;;;;;;;Yes;Animal head, shape t. relief fibula, silver w/gilding (3.31 g), Early Germanic Iron Age.;Deponering: Bornholms Museum. Kommentar: Notat: Deponering: indtil videre. OBS: Danefæfund må kun monteres efter forudgående aftale med NM's Bevaringsafdeling;;;
24;"Brændesgård, 10.
Vgd./Sønderhøj";60403;Ibsker sogn;55.08405089;15.07952444;C 35266;;B.;;;;;;;;;Yes;Relief fibula, fragment, silver with gold plating, Early Germanic Iron Age.;Deponering: Bornholms Museum. ;;;
25;Sigersted Kirke;40214;Sigersted sogn;55.41049524;11.71072806;C 35414;;;;;;;;;;Excluded from sampling (non-silver);Yes;Fragment of a relief fibula, gilded bronze + niello, old.;Magasin: Vinge - rum 02 - 05.06.02.1 / Pakkenr 126092 <- 126096. ;;;
26; Gudme-Området;90104;Gudme sogn;55.15816746;10.70832297;C 35576;;;;;;;;;;Excluded from sampling (non-silver);Yes;Head plate for relief fibula, gilded bronze, Early Germanic Iron Age.;Udstilling: Prinsens Palais - stuen - rum 23 - Uspecificeret plads. Kommentar: ifølge udstillingsdatabasen 23.08.14;;;
27;Store Gadegård;60203;Pedersker sogn;54.99895067;14.99842008;C 35675;;;;;;;;;;Excluded from sampling (non-silver);Yes;Relief fibula, fragment, silver w/niello, Early Germanic Iron Age.;Deponering: Bornholms Museum. ;;;
28;Sylten Ii;60403;Ibsker sogn;55.08405089;15.07952444;C 35984;;Fp.;;;;;;;;;Yes;Relief fibula, fragment, with animal head terminal, gilded silver (2.02 g), Early Germanic Iron Age.;Deponering: Bornholms Museum. Kommentar: På magasin;;;
29;Smørengegård;60305;Vestermarie sogn;55.14096933;14.84932501;C 36019;;;;;;;;;;Excluded from sampling (non-silver);Yes;Relief fibula, fragment, silver ( g), Early Germanic Iron Age;Magasin: Vinge - rum 02 - 05.06.02.1 / Pakkenr 126092 <- 126097 <- 126098. ;;;
30;Smørengegård;60305;Vestermarie sogn;55.14096933;14.84932501;C 36020;;B.;;;;;;;;;Yes;Relief fibula, fragment, silver ( g), Early Germanic Iron Age;Magasin: Vinge - rum 02 - 05.06.02.1 / Pakkenr 126092 <- 126097 <- 126098. ;;;
31;Smørengegård;60305;Vestermarie sogn;55.14096933;14.84932501;C 36021;;Fp.;;;;;;;;;Yes;Relief fibula, fragment, silver ( g), Early Germanic Iron Age;Magasin: Vinge - rum 02 - 05.06.02.1 / Pakkenr 126092 <- 126097 <- 126098. ;;;
32; Engegård Syd;60403;Ibsker sogn;55.08405089;15.07952444;C 36048;;;;;;;;;;Excluded from sampling (non-silver);Yes;Relief fibula, miniature, bronze, Early Germanic Iron Age.;Deponering: Bornholms Museum. Kommentar: Notat: Deponering: Indtil videre. - OBS: Danefæfund må kun monteres efter forudgående aftale med NM's Bevaringsafdeling;;;
33;Smørenge;60305;Vestermarie sogn;55.14096933;14.84932501;C 36315;;Hp.;;;;;;;;;Yes;Relief fibula, fragment, gilded silver with niello, Early Germanic Iron Age;Deponering: Bornholms Museum. Kommentar: Notat: Deponering: Indtil videre. - OBS: Danefæfund må kun monteres efter forudgående aftale med NM's Bevaringsafdeling;;;
34;Nørholm (Syd For);120508;Nørholm sogn;57.02885238;9.714452413;C 36571;;B.;;;;;;;;;Yes;Relief fibula, fragment, silver w/ gilding, Early Germanic Iron Age;Magasin: Vinge - rum 02 - 05.06.02.1 / Pakkenr 126092 <- 126097 <- 126099. ;;;
35;Store Dalbygård;60305;Vestermarie sogn;55.14096933;14.84932501;C 36740;;;;;;;;;;Excluded from sampling (non-silver);Yes;Relief fibula with rectangular head plate and oval foot, bronze with gilding and tin plating, Early Germanic Iron Age;Deponering: Bornholms Museum. Kommentar: Notat: Deponering: Indtil videre. - OBS: Danefæfund må kun monteres efter forudgående aftale med NM's Bevaringsafdeling.;;;
36;Højemark/ Skovsholm;60403;Ibsker sogn;55.08405089;15.07952444;C 36932;;;;;;;;;;Excluded from sampling (non-silver);Yes;Fragment of a relief fibula, bronze with gilding, Early Germanic Iron Age.;Deponering: Bornholms Museum. Kommentar: Notat: Deponering: Indtil videre. - OBS: Danefæfund må kun monteres efter forudgående aftale med NM's Bevaringsafdeling;;;
37;Maglegård;60406;Østermarie sogn;55.13726276;14.96063515;C 36983;;B.+Hp.+Fp.;B4*;Tidlig planfotspenne;Not applicable;Not applicable;"Silver, gilded; semicircular headplate with symmetrical spiral ornament and central plain knob; elongated band-shaped bow with thick central rib; footplate partly missing, oval-shaped with zigzag pattern. *To a degrée applicable to group IV";;;;Yes;Relief fibula w/semi-circular head plate (fragment), gilded silver (7.23 g incl. soil), Early Germanic Iron Age;Deponering: Bornholms Museum. Kommentar: Notat: Deponering: Indtil videre. - OBS: Danefæfund må kun monteres efter forudgående aftale med NM's Bevaringsafdeling;;;
38;Granly;80803;Fraugde sogn;55.35269379;10.45865153;C 37065;;Fp.;;;;;;;;;Yes;Fragment of a relief fibula, silver with gilding and niello (30.82 g), Early Germanic Iron Age.;;;;
39;Bringstrup Skole S;40203;Bringstrup sogn;55.45478467;11.74374243;C 37668;;;;;;;;;;Excluded from sampling (non-silver);Yes;Miniature relief fibula, bronze, Early Germanic Iron Age.;Deponering: Museum Vestsjælland . Kommentar: Sydvestsjællands Museum / Notat: Deponering: Indtil videre. - OBS: Danefægenstande må kun monteres efter forudgående aftale med NM's Bevaringsafdeling;;;
40;St. Smørengegård Nv;60305;Vestermarie sogn;55.14096933;14.84932501;C 37915;;Unc.;;;;;;;;;Yes;Relief fibula, tip of foot, silver/gilt/niello 1.77 g), Early Germanic Iron Age;;;;
41;St. Smørengegård Nv;60306;Vestermarie sogn;;;C 37916;;Fp.;;;;;;;;;Yes;Relief fibula, lower part of foot, silver/gilt/niello (10.31 g), Early Germanic Iron Age;;;;
42;St. Smørengegård Nv;60307;Vestermarie sogn;;;C 37917;;Hp.;;;;;;;;;Yes;Relief fibula, fragment of foot, silver/gilt/niello (5.04 g), Early Germanic Iron Age;;;;
43;St. Smørengegård Nv;60308;Vestermarie sogn;;;C 37918;;Unc.;;;;;;;;;Yes;Relief fibula, fragmentary hoop/head plate, silver/gilt/niello (7.43 g), Early Germanic Iron Age;;;;
44;Søtoftegård;10602;Ganløse sogn;55.81694512;12.25874448;C 38606;;Hp.;;;;;;;;;Yes;Relief fibula, fragment, silver w/gilding and niello (0.97 g);Deponering: Kroppedal Museum . Kommentar: Kroppedal, Museum for Astronomi - Nyere tid - Arkæologi / Notat: Deponering: Indtil videre. - OBS: Danefægenstande må kun monteres efter forudgående aftale med NM's Bevaringsafdeling;;;
45;Smørenge;60305;Vestermarie sogn;55.14096933;14.84932501;C 38925;;Unc.;;;;;;;;;Yes;Relief fibula (fragment), silver w/gilding (1.92 g), Early Germanic Iron Age;Magasin: Vinge - rum 02 - 05.06.02.1 / Pakkenr 126092 <- 126097 <- 126404. ;;;
46;Skærum Mølle;180809;Ulfborg sogn;56.29659614;8.295712599;C 39032;;;;;;;;;;Excluded from sampling (non-silver);Yes;Relief fibula (frag.), bronze, Early Germanic Iron Age.;Konservering: Brede - bygning 07 - Metalværksted - Uspecificeret plads. ;;;
47;Møllehøjgård, Ølby;20105;Højelse sogn;55.48605527;12.15182854;C 39234;;;;;;;;;;Excluded from sampling (no image);No;Relief fibula (fragment), silver w/gilding and niello, Early Germanic Iron Age;Konservering: Brede - bygning 07 - Metalværksted - Uspecificeret plads. ;;;
48;Møllehøjgård, Ølby;20106;Højelse sogn;55.4775207;11.97269526;C 39253;;;;;;;;;;Excluded from sampling (no image);No;Relief fibula(?), fragment, silver w/gilding and niello (6.90 g),Early Germanic Iron Age.;Konservering: Brede - bygning 07 - Metalværksted - Uspecificeret plads. ;;;
49;Møllehøjgård, Ølby;20107;Højelse sogn;55.46544216;12.16917649;C 39254;;;;;;;;;;Excluded from sampling (no image);No;Relief fibula (?), fragment, silver w/gilding and niello (1.93 g), Early Germanic Iron Age;Konservering: Brede - bygning 07 - Metalværksted - Uspecificeret plads. ;;;
50;Sigersted Nø;40214;Sigersted sogn;55.41049524;11.71072806;C 40275;;;;;;;;;;Excluded from sampling (non-silver);Yes;Relief fibula (frag.), bronze, Early Germanic Iron Age.;Konservering: Brede - bygning 07 - Metalværksted - Uspecificeret plads. ;;;
51;Kalvehave Syd;90704;Rise sogn;54.8807164;10.40189809;C 41102;;;;;;;;;;Excluded from sampling (no image);No;Relief fibula (fragment), silver, Early Germanic Iron Age.;Konservering: Brede - bygning 07 - Metalværksted - Uspecificeret plads. ;;;
52;Kildegård V;10309;Nørre Herlev sogn;55.90278773;12.2230079;C 41141;;;;;;;;;;Excluded from sampling (no image);No;Relief fibula (fragment), silver w/gilding, Early Germanic Iron Age;Konservering: Brede - bygning 07 - Metalværksted - Uspecificeret plads. ;;;
53;Kildegård V;10310;Nørre Herlev sogn;55.83311717;12.07812025;C 41142;;;;;;;;;;Excluded from sampling (no image);No;Relief fibula (fragment), silver w/gilding, Early Germanic Iron Age;Konservering: Brede - bygning 07 - Metalværksted - Uspecificeret plads. ;;;
54;Høvlsbakke;10107;Mårum sogn;56.03456237;12.30535656;C 41229;;Hp.+Fp.;;;;;;;;;Yes;Relief fibula (fragment), silver w/ gilding and niello, glass(?), iron, Early Germanic Iron Age;Magasin: B.10.2.02 - 07.01.05.1. ;;;
55;Gammel Hviding;210103;Hviding sogn;55.25297843;8.702174829;C 42412;;;;;;;;;;Excluded from sampling (non-silver);Yes;Relief fibula miniature, bronze, Old Germ.;Konservering: Brede - bygning 07 - Metalværksted - Uspecificeret plads. ;;;
56;Høvlsbakke;10107;Mårum sogn;56.03456237;12.30535656;C 42491;;Unc.;;;;;;;;;Yes;Relief fibula (fragment), silver w/gilding and niello, Early Germanic Iron Age;Magasin: B.10.2.02 - 07.01.05.1. ;;;
57;Høvlsbakke;10108;Mårum sogn;55.97087525;12.35989301;C 42492;;Hp.;;;;;;;;;Yes;Knob (for relief fibula), silver w/gilding, Early Germanic Iron Age;Magasin: B.10.2.02 - 07.01.05.1. ;;;
58;Høvlsbakke;10109;Mårum sogn;56.03602565;12.14895591;C 42494;;B.+Fp.;;;;;;;;;Yes;Relief fibula (strap fragment), silver w/gilding and niello, Early Germanic Iron Age;Magasin: B.10.2.02 - 07.01.05.1. ;;;
59;Rosenbækgård Syd,;50104;Herfølge sogn;55.44746043;12.12390684;C 42577;;Hp.;;;;;;;;;No;Relief fibula (fragment), silver w/gilding and niello, Early Germanic Iron Age;Magasin: B.10.2.02 - 07.01.03.1 / Pakkenr 123818. ;;;
60;Revet;150412;Tunø sogn;55.9491308;10.45126773;C 42644;;;;;;;;;;Excluded from sampling (no image);No;Relief fibula, frag. bronze, Early Germanic Iron Age;Konservering: Brede - bygning 07 - Metalværksted - Uspecificeret plads. ;;;
61;Sanderumgård Øst;80802;Davinde sogn;55.33298683;10.53334889;C 43174;;;;;;;;;;Excluded from sampling (no image);No;Relief fibula (fragment), silver w/gilding, Early Germanic Iron Age;Konservering: Brede - bygning 07 - Metalværksted - Uspecificeret plads. ;;;
62;Kilshøjgård;140606;Kousted sogn;56.53209481;9.890786407;C 43286;;;;;;;;;;Excluded from sampling (no image);No;Relief fibula (fragment), silver w/gilding, Early Germanic Iron Age;Konservering: Brede - bygning 07 - Metalværksted - Uspecificeret plads. ;;;
63;Lehnsgaard;60405;Østerlarsker sogn;55.16416079;14.97724492;C 43496;;;;;;;;;;Excluded from sampling (no image);No;Relief fibula, fragment, silver, gold, Early Germanic Iron Age.;Konservering: Brede - bygning 07 - Metalværksted - Sikringsbox. Kommentar: I kasse med familiesammenføring i boksen, evt. videre til magasin;;;
64;Lehnsgaard;60405;Østerlarsker sogn;55.16416079;14.97724492;C 43497;;;;;;;;;;Excluded from sampling (no image);No;Relief fibula, fragment, silver, gold, Early Germanic Iron Age.;Konservering: Brede - bygning 07 - Metalværksted - Sikringsbox. Kommentar: I kasse med familiesammenføring i boksen, evt. videre til magasin;;;
65;Gudme Ii N;90104;Gudme sogn;55.15816746;10.70832297;C 44100;;B.;;;;;;;;;Yes;Relief fibula (fragment), silver, Early Germanic Iron Age.;Konservering: Brede - bygning 07 - Metalværksted - Uspecificeret plads. ;;;
66;Holløse Syd;30305;Kvanløse sogn;55.673379;11.64776438;C 44374;;B.;;;;;;;;Excluded from sampling (non-silver);Yes;Relief fibula (miniature, fragment), silver w/gilding, Early Germanic Iron Age;Konservering: Brede - bygning 07 - Metalværksted - Uspecificeret plads. ;;;
67;Kildegård V;10309;Nørre Herlev sogn;55.90278773;12.2230079;C 44393;;Fp.;;;;;;;;;Yes;Relief fibula (fragment), silver w/gilding and niello, Early Germanic Iron Age;Konservering: Brede - bygning 07 - Metalværksted - Uspecificeret plads. ;;;
68;Vennekilde;10405;Grønholt sogn;55.97565678;12.38055933;C 44450;;B.+Hp.;;;;;;;;;Yes;Relief fibula (miniature) (fragment), silver w/gilding and niello, Early Germanic Iron Age;Konservering: Brede - bygning 07 - Metalværksted - Uspecificeret plads. ;;;
69;Vennekilde;10405;Grønholt sogn;55.97565678;12.38055933;C 44451;;B.;;;;;;;;;Yes;Relief fibula (fragment), silver w/gilding and niello, Early Germanic Iron Age;Konservering: Brede - bygning 07 - Metalværksted - Uspecificeret plads. ;;;
70;Neble;40301;Boeslunde sogn;55.26335049;11.27895753;C 44730;;;;;;;;;;Excluded from sampling (non-silver);Yes;Relief fibula (miniature) (fragment), bronze w/gilding, Early Germanic Iron Age;Konservering: Brede - bygning 07 - Metalværksted - Uspecificeret plads. ;;;
71;Højbygård;70319;Tågerup sogn;54.67145799;11.42423565;C 44856;;;;;;;;;;Excluded from sampling (non-silver);Yes;Miniature-relief fibula, bronze w/tinning, iron, Early Germanic Iron Age.;Konservering: Brede - bygning 07 - Metalværksted - Uspecificeret plads. ;;;
72;Holeby Ii;70309;Holeby sogn;54.71858718;11.48309301;C 45232;;;;;;;;;;Excluded from sampling (non-silver);Yes;Knob from relief fibula (import?), bronze w/gilding, Early Germanic Iron Age;Konservering: Brede - bygning 07 - Metalværksted - Uspecificeret plads. ;;;
73;Aggersborg;100701;Aggersborg sogn;56.99796558;9.254822607;C 45384;;;;;;;;;;;;;;;;
74;Høvlsbakke;10107;Mårum sogn;56.03456237;12.30535656;C45435;;Fp.;;;;;;;;Excluded from sampling (non-silver);Yes;;;;;
75;Busbjergvej;130502;Gerning sogn;56.36583628;9.721958931;C 45567;;B.;;;;;;;;;Yes;Relief fibula (fragment), silver w/gilding, Early Germanic Iron Age;Konservering: Brede - bygning 07 - Metalværksted - Uspecificeret plads. ;;;
76;Gammel Skjern;130710;Skjern sogn;56.41416563;9.733270617;C 46027;;;;;;;;;;Excluded from sampling (non-silver, probably not a relief brooch);Yes;Relief fibula, (Domburg fibula) bronze, frag.Early Germanic Iron Age;Konservering: Brede - bygning 07 - Metalværksted - Uspecificeret plads. ;;;
77;Allindemaglegård;40201;Allindemagle sogn;55.49635853;11.72164835;C 46098;;;;;;;;;;Excluded from sampling (non-silver);Yes;Relief fibula, frag. bronze, age. Early Germanic Iron Age;Konservering: Brede - bygning 07 - Metalværksted - Uspecificeret plads. ;;;
78;Smørengegård;60305;Vestermarie sogn;55.14096933;14.84932501;C 46642;;Hp.;;;;;;;;Exluded from sampling (probably not a relief brooch);Yes;Fitting? Relief fibula? (fragment), silver, Early Germanic Iron Age;Konservering: Brede - bygning 07 - Metalværksted - Uspecificeret plads. ;;;
79;St. Dalbygård;60305;Vestermarie sogn;55.14096933;14.84932501;C 46770;;;;;;;;;;Excluded from sampling (non-silver);Yes;Relief fibula (fragment), bronze with gilding and tin plating, Early Germanic Iron Age;Konservering: Brede - bygning 07 - Metalværksted - Uspecificeret plads. ;;;
80;Runegård;60205;Åker sogn;55.04363645;14.84805639;C 46825;;;;;;;;;;Excluded from sampling (non-silver);Yes;;;;;
81;Valsted Syd;120711;Sebber sogn;56.96123348;9.498345777;C 47886;;Fp.;;;;;;;;;Yes;Relief fibula, end plate, gilded silver, Early Germanic Iron Age;Konservering: Brede - bygning 07 - Metalværksted - Uspecificeret plads. Kommentar: kasse 2 af 2;;;
82;Trellerupgaard;80109;Munkebo sogn;55.46156367;10.54257302;C 47944;;;;;;;;;;Excluded from sampling (non-silver);Yes;Relief fibula (fragment) bronze w/gilding and tin plating, Early Germanic Iron Age.;Konservering: Brede - bygning 07 - Metalværksted - Uspecificeret plads. ;;;
83;Fraugdegård Nordvest;80803;Fraugde sogn;55.35269379;10.45865153;C 48898;;;;;;;;;;Excluded from sampling (non-silver);Yes;Relief fibula (import), fragment, bronze with gilding, Early Germanic Iron Age;Konservering: Brede - bygning 07 - Metalværksted - Uspecificeret plads. Kommentar: kasse 2019-05-27 1 af 4;;;
84;Øksendrup;90112;Øksendrup sogn;55.20469006;10.75738149;C 49030;;;;;;;;;;Excluded from sampling (non-silver);Yes;Relief fibula (fragment), silver(?), bronze, Early Germanic Iron Age.;Konservering: Brede - bygning 07 - Metalværksted - Uspecificeret plads. ;;;
85;Jættebro;60406;Østermarie sogn;55.13726276;14.96063515;C 49141;;Hp.;;;;;;;;;Yes;Knob, relief fibula, silver (8.68g), w/gilding, Early Germanic Iron Age;Konservering: Brede - bygning 07 - Metalværksted - Uspecificeret plads. ;;;
86;Sylten 4;60403;Ibsker sogn;55.08405089;15.07952444;C 49984;;;;;;;;;;Excluded from sampling (non-silver);Yes;Relief fibula with casting defect, fragment, bronze, Early Germanic Iron Age;Konservering: Brede - bygning 07 - Metalværksted - Uspecificeret plads. ;;;
87;Nybølle;70509;Ryde sogn;54.78053553;11.35498389;C 50469;;Hp.;;;;;;;;Excluded from sampling (non-silver);Yes;Relief fibula, fragment., silver (1.41g),Early Germanic Iron Age;Konservering: Brede - bygning 07 - Metalværksted - Uspecificeret plads. Kommentar: Kasse 2 af 2;;;
88;Gammel Hviding;210103;Hviding sogn;55.25297843;8.702174829;C 50487;;;;;;;;;;Excluded from sampling (non-silver);Yes;Relief fibula, fragment?, bronze w/gilding, Early Germanic Iron Age;Konservering: Brede - bygning 07 - Metalværksted - Uspecificeret plads. ;;;
90;Sandegård - Hullegård;60406;Østermarie sogn;55.13726276;14.96063515;C 50595;;B.;;;;;;;;;Yes;Relief fibula, fragment, silver with gilding (2.5 g), Early Germanic Iron Age.;;;;
91;Sandegård - Hullegård;60406;Østermarie sogn;55.13726276;14.96063515;C 50596;;Unc.;;;;;;;;;Yes;Relief fibula, fragment, silver with gilding (3 g), Early Germanic Iron Age.;;;;
92;Lehnsgaard;60405;Østerlarsker sogn;55.16416079;14.97724492;C 50787;;Hp.;;;;;;;;;Yes;Relief fibula, fragment, silver with gilding, Early Germanic Iron Age.;Konservering: Brede - bygning 07 - Metalværksted - Uspecificeret plads. ;;;
93;Lehnsgaard;60405;Østerlarsker sogn;55.16416079;14.97724492;C 50788;;Hp.;;;;;;;;;Yes;Relief fibula, fragment, silver with gilding, Early Germanic Iron Age.;Konservering: Brede - bygning 07 - Metalværksted - Uspecificeret plads. ;;;
94;Sorte Muld;60403;Ibsker sogn;55.08405089;15.07952444;C 51100;;Unc.;;;;;;;;Exluded from sampling (probably not a relief brooch);Yes;Relief fibula?, fragment, silver (1.4 g) with gilding, Early Germanic Iron Age.;Konservering: Brede - bygning 07 - Metalværksted - Uspecificeret plads. Kommentar: Kasse 1 af 2;;;
95;Sorte Muld;60404;Ibsker sogn;55.13013884;15.12224793;C 51101;;Unc.;;;;;;;;Exluded from sampling (probably not a relief brooch);Yes;Relief fibula, frag., silver (1.08 g), Early Germanic Iron Age;Konservering: Brede - bygning 07 - Metalværksted - Uspecificeret plads. Kommentar: Kasse 1 af 2;;;
96;Sorte Muld;60405;Ibsker sogn;55.16416079;14.97724492;C 51141;;;;;;;;;;Excluded from sampling (non-silver);Yes;Relief fibula, fragment, bronze with gilding, Early Germanic Iron Age.;Konservering: Brede - bygning 07 - Metalværksted - Uspecificeret plads. Kommentar: Kasse 1 af 2;;;
97;Sorte Muld;60406;Ibsker sogn;55.13726276;14.96063515;C 51142;;;;;;;;;;Excluded from sampling (non-silver);Yes;Ornamented fragment, relief fibula, bronze with gilding, Early Germanic Iron Age;Konservering: Brede - bygning 07 - Metalværksted - Uspecificeret plads. Kommentar: Kasse 1 af 2;;;
98;Sorte Muld;60407;Ibsker sogn;;;C 51143;;;;;;;;;;Excluded from sampling (non-silver);Yes;Ornamented fragment, relief fibula, bronze with gilding, Early Germanic Iron Age;Konservering: Brede - bygning 07 - Metalværksted - Uspecificeret plads. Kommentar: Kasse 1 af 2;;;
99;Levringgård;130609;Levring sogn;56.30403674;9.445043706;C 51587;;Unc.;;;;;;;;;Yes;Relief fibula fragment? back button fibula?, silver w/gilding, Early Germanic Iron Age;Konservering: Brede - bygning 07 - Metalværksted - Uspecificeret plads. Kommentar: kasse 2/2;;;
100;Frejlev;120504;Frejlev sogn;56.99341831;9.841290716;C 52414;;;;;;;;;;Excluded from sampling (non-silver);Yes;Braced fibula, relief fibula, bronze, etc. Early Germanic Iron Age;Konservering: Brede - bygning 07 - Metalværksted - Uspecificeret plads. Kommentar: Kasse 1 af 2;;;
101;Lunbjerg;160105;Linå sogn;56.16345917;9.750661222;C 52647;;Fp.;;;;;;;;;Yes;Relief fibula, fragment, silver with gilding, Early Germanic Iron Age.;Magasin: B.10.2.02 - 07.01.03.1 / Pakkenr 141942. ;;;
102;Lundsgård;80811;Åsum sogn;55.41219023;10.478551;C 53101;;Unc.;;;;;;;;;Yes;Circular mount for relief fibula with mask, silver with gilding, Early Germanic Iron Age;Konservering: Brede - bygning 07 - Metalværksted - Uspecificeret plads. Kommentar: Kasse 1 af 2;;;
103;Sollykkegård Nordvest;80101;Agedrup sogn;55.42501336;10.50660456;C 53198;;Unc.;;;;;;;;;Yes;Relief fibula, frag., silver (2.71g.) m. niello, Early Germanic Iron Age;Konservering: Brede - bygning 07 - Metalværksted - Uspecificeret plads. Kommentar: kasse 2 af 4;;;
104;Lille Røttinge;50211;Snesere sogn;55.18131765;11.90597023;C 53327;;Hp.;;;;;;;;;Yes;Relief fibula?, frag., silver?, Early Germanic Iron Age;Konservering: Brede - bygning 07 - Metalværksted - Uspecificeret plads. ;;;
105;Sønderhøj/Kanonhøj;60403;Ibsker sogn;55.08405089;15.07952444;C 53540;;Unc.;;;;;;;;;Yes;Relief fibula, fragment, silver w/gilding, Early Germanic Iron Age;Konservering: Brede - bygning 07 - Metalværksted - Uspecificeret plads. ;;;
106;St. Smørengegård Nv/ Guldhul;60305;Vestermarie sogn;55.14096933;14.84932501;C 53773;;Fp.;;;;;;;;;Yes;Relief fibula, fragment, bronze w/gilding, Early Germanic Iron Age;Konservering: Brede - bygning 07 - Metalværksted - Uspecificeret plads. Kommentar: Kasse 3/3;;;
107;Bakkegård / Agerbygård;60405;Østerlarsker sogn;55.16416079;14.97724492;C 53879;;Fp.;;;;;;;;;Yes;Relief fibula?, fragment, silver (0.15 g.) w/gilding, Early Germanic Iron Age;Konservering: Brede - bygning 07 - Metalværksted - Uspecificeret plads. Kommentar: Kasse 4/4;;;
108;Maglegård;60406;Østermarie sogn;55.13726276;14.96063515;C 54162;;Fp.;;;;;;;;;Yes;Relief fibula, fragment, silver with gilding, Early Germanic Iron Age.;Konservering: Brede - bygning 07 - Metalværksted - Uspecificeret plads. Kommentar: c 54172 udtaget til viking;;;
109;Melby Detektorplads;30110;Årby sogn;55.65261328;11.12086644;C 54938;;;;;;;;;;Excluded from sampling (non-silver);Yes;Relief fibula, fragment, bronze with gilding, Early Germanic Iron Age.;Konservering: Brede - bygning 07 - Metalværksted - Uspecificeret plads. Kommentar: Kasse 1 af 2;;;
110;Gyngstrup;80504;Krogsbølle sogn;55.60410439;10.34811973;C 55079;;;;;;;;;;Excluded from sampling (non-silver);Yes;Imported (?) relief fibula, fragm. bronze, Early Germanic Iron Age;Konservering: Brede - bygning 07 - Metalværksted - Uspecificeret plads. ;;;
111;Edelhoffvej Ii;150103;Harlev sogn;56.11210892;9.987036121;C 55511;;Unc.;;;;;;;;;Yes;Animal head from relief fibula?, silver w/gilding, Early Germanic Iron Age;Konservering: Brede - bygning 07 - Metalværksted - Uspecificeret plads. Kommentar: Kasse 2 af 2;;;
112;Neble;40301;Boeslunde sogn;55.26335049;11.27895753;C 55768;;;;;;;;;;Excluded from sampling (non-silver);Yes;Relief fibula, German, fragment, bronze with gilding, Early Germanic Iron Age;Konservering: Brede - bygning 07 - Metalværksted - Uspecificeret plads. Kommentar: Kasse 2/3;;;
113;Vissmose, Havnelev;50602;Havnelev sogn;55.25218331;12.34378201;C 56205;;Unc.;;;;;;;;;Yes;Relief fibula, fragmentary silver w/gilding (4.01g), Early Germanic Iron Age;Konservering: Brede - bygning 07 - Metalværksted - Uspecificeret plads. ;;;
114;Lunbjerg;160105;Linå sogn;56.16345917;9.750661222;C 56879;;Hp.;;;;;;;;;Yes;Relief fibula, fragment, silver with gilding, Early Germanic Iron Age.;Konservering: Brede - bygning 07 - Metalværksted - Uspecificeret plads. Kommentar: Kasse 2/3;;;
115;Snorup;190804;Tistrup sogn;55.76748709;8.595317137;C 57573;;Unc.;;;;;;;;;Yes;Relief fibula, fragment, imported? silver (5.72g), Early Germanic Iron Age;Konservering: Brede - bygning 07 - Metalværksted - Uspecificeret plads. ;;;
116;Lehngaard;60405;Østerlarsker sogn;55.16416079;14.97724492;C 57719;;Fp.;;;;;;;;;Yes;Relief fibula, fragment, silver w/gilding and niello, Early Germanic Iron Age;Konservering: Brede - bygning 07 - Metalværksted - Uspecificeret plads. Kommentar: Kasse 2 af 2;;;
117;Hvam;180502;Borbjerg sogn;56.39663352;8.827649206;C 58006;;Fp.;;;;;;;;;Yes;Relief fibula, fragment (foot), silver w/gilding, Early Germanic Iron Age;Konservering: Brede - bygning 07 - Metalværksted - Uspecificeret plads. Kommentar: Kasse 1 af 2;;;
118;Busbjergvej, Gerning;130502;Gerning sogn;56.36583628;9.721958931;C 58388;;B.;;;;;;;;;Yes;Relief fibula, fragment of a hoop, silver w/ gilding, Early Germanic Iron Age;Konservering: Brede - bygning 07 - Metalværksted - Uspecificeret plads. Kommentar: Kasse 2/2;;;
119;Store Magleby 2;20309;Store Magleby sogn;55.58965148;12.66301502;C 59037;;;;;;;;;;Excluded from sampling (non-silver);Yes;Relief fibula, bronze w/silver, Early Germanic Iron Age;;;;
120;Skrivergården, Lee;130708;Lee sogn;56.42041667;9.646394883;C 59059;;;;;;;;;;Excluded from sampling (non-silver);Yes;Relief fibula, bronze with gilding, Early Germanic Iron Age;Konservering: Brede - bygning 07 - Metalværksted - Uspecificeret plads. Kommentar: Kasse 1/2;;;
121;Fæsted Toft;200107;Sønder Hygum sogn;55.37564339;8.91028082;C 59189;;Unc.;;;;;;;;;Yes;Relief fibula, frag., silver, Early Germanic Iron Age j.a.;Konservering: Brede - bygning 07 - Metalværksted - Uspecificeret plads. Kommentar: Kasse 3/3;;;
122;Fæsted Toft;200107;Sønder Hygum sogn;55.37564339;8.91028082;C 59190;;B.+Hp.;;;;;;;;;Yes;Relief fibula, frag., silver, Early Germanic Iron Age j.a.;Konservering: Brede - bygning 07 - Metalværksted - Uspecificeret plads. Kommentar: Kasse 3/3;;;
123;Fæsted Toft;200107;Sønder Hygum sogn;55.37564339;8.91028082;C 59191;;B.+Hp.;;;;;;;;;Yes;Relief fibula, fragment, silver with gilding, Early Germanic Iron Age.;Konservering: Brede - bygning 07 - Metalværksted - Uspecificeret plads. Kommentar: Kasse 3/3;;;
124;Fæsted Toft;200107;Sønder Hygum sogn;55.37564339;8.91028082;C 59192;;Unc.;;;;;;;;;Yes;Relief fibula, frag., silver, Early Germanic Iron Age;Konservering: Brede - bygning 07 - Metalværksted - Uspecificeret plads. Kommentar: Kasse 3/3;;;
125;Fæsted Toft;200107;Sønder Hygum sogn;55.37564339;8.91028082;C 59201;;;;;;;;;;Excluded from sampling (non-silver);Yes;Relief fibula, fragment, bronze m, gilding Early Germanic Iron Age;Konservering: Brede - bygning 07 - Metalværksted - Uspecificeret plads. Kommentar: Kasse 3/3;;;
126;Fæsted Toft;200107;Sønder Hygum sogn;55.37564339;8.91028082;C 59202;;;;;;;;;;Excluded from sampling (non-silver);Yes;Relief fibula, fragm. bronze, Early Germanic Iron Age;Konservering: Brede - bygning 07 - Metalværksted - Uspecificeret plads. Kommentar: Kasse 3/3;;;
127;Fæsted Toft;200107;Sønder Hygum sogn;55.37564339;8.91028082;C 59210;;Unc.;;;;;;;;;Yes;Relief fibula, frag., silver, Early Germanic Iron Age;Konservering: Brede - bygning 07 - Metalværksted - Uspecificeret plads. Kommentar: Kasse 3/3;;;
128;Dalshøj I;60403;Ibsker sogn;55.08405089;15.07952444;C 59373;;Unc.;;;;;;;;;Yes;Relief fibula, fragment, silver with gilding, Early Germanic Iron Age.;Konservering: Brede - bygning 07 - Metalværksted - Uspecificeret plads. Kommentar: Kasse 3/3;;;
129;Stavnager;190410;Seem sogn;55.29810851;8.857962839;C 59593;;Hp.;;;;;;;;Excluded from sampling (non-silver);Yes;Relief fibula, fragment. Head plate, silver w/gilding, Early Germanic Iron Age;;;;
130;Tofteagre;40507;Herlufsholm sogn;55.27514199;11.69147368;C 60259;;;;;;;;;;Excluded from sampling (non-silver);Yes;Relief fibula, fragment., bronze w/ tinning, enamel, Early Germanic Iron Age;;;;
131;Brændmosegård;20505;Karlstrup sogn;55.55770274;12.20462162;C 60272;;B.+Hp.;;;;;;;;;Yes;Relief fibula, fragment, gilded silver (12.15 g), Early Germanic Iron Age;Konservering: Brede - bygning 07 - Metalværksted - Uspecificeret plads. ;;;
132;Hillerslev Ii;110202;Hillerslev sogn;56.99472749;8.783686508;C 60471;;;;;;;;;;Excluded from sampling (non-silver);Yes;Braced fibula, relief fibula?, bronze, Early Germanic Iron Age;Konservering: Brede - bygning 07 - Metalværksted - Uspecificeret plads. Kommentar: kasse 1 af 2;;;
133;Skjern;130710;Skjern sogn;56.41416563;9.733270617;C 60586;;B.;;;;;;;;;Yes;Relief fibula, fragment, gilded silver, Early Germanic Iron Age;Konservering: Brede - bygning 07 - Metalværksted - Uspecificeret plads. ;;;
134;Vaarst By;120104;Gunderup sogn;56.92269586;10.04257966;C 60880;;;;;;;;;;Excluded from sampling (non-silver);Yes;Brace fibula, relief fibula?, fragm. Early Germanic Iron Age;Konservering: Brede - bygning 07 - Metalværksted - Uspecificeret plads. Kommentar: Kasse 2 af 2;;;
135;Vaarst By;120104;Gunderup sogn;56.92269586;10.04257966;C 60950;;;;;;;;;;Excluded from sampling (non-silver);Yes;Korsformet fibula/relieffibula, særform, bronze, Early Germanic Iron Age;;;;
136;Vaarst By;120104;Gunderup sogn;56.92269586;10.04257966;C 60972;;Unc.;;;;;;;;;Yes;Relief fibula, fragment, silver w/gilding (0.54g), Early Germanic Iron Age;;;;
137;Vaarst By;120104;Gunderup sogn;56.92269586;10.04257966;C 60997;;Hp. or Fp.;;;;;;;;;Yes;Relief fibula, fragment, silver w/gilding (1.27g),Early Germanic Iron Age;Konservering: Brede - bygning 07 - Metalværksted - Uspecificeret plads. Kommentar: Kasse 2 af 2;;;
138;Pæregård;60105;Olsker sogn;55.26698905;14.7837976;C 61063;;Hp. or Fp.;;;;;;;;;Yes;Relief fibula, frag., silver (3.36g),Early Germanic Iron Age;Konservering: Brede - bygning 07 - Metalværksted - Uspecificeret plads. Kommentar: Kasse 2/3;;;
139;Hvilebækgård;10101;Annisse sogn;56.00647288;12.15132683;C 61101;;Hp. or Fp.;;;;;;;;;Yes;Silver clip, clip of relief fibula, silver w/gilding (0.48g), Early Germanic Iron Age;;;;
140;Præstevænget;180811;Vinding sogn;56.28940393;8.646251206;C 61219;;;;;;;;;;Excluded from sampling (non-silver);Yes;Back button or relief fibula, fragm., bronze, Early Germanic Iron Age;;;;
141;Sandegård - Hullegård;60406;Østermarie sogn;55.13726276;14.96063515;C 61637;;Fp.;;;;;;;;;Yes;Relief fibula, fragment, animal head, silver (1.22g), Early Germanic Iron Age;;;;
142;Borre Nord;130512;Vejerslev sogn;56.30701198;9.719904484;C 62072;;B.+Fp.;;;;;;;;;Yes;Hoop fibula, Relief fibula, fragment, silver w/gilding (7.00g), Early Germanic Iron Age;Konservering: Brede - bygning 07 - Metalværksted - Uspecificeret plads. Kommentar: Kasse 2/2;;;
143;Ved Lundestien;20309;Store Magleby sogn;55.58965148;12.66301502;C 62514;;;;;;;;;;Excluded from sampling (non-silver);Yes;Relief fibula, fragment., bronze, Early Germanic Iron Age;Konservering: Brede - bygning 07 - Metalværksted - Uspecificeret plads. Kommentar: Kasse 2/2;;;
144;Ulsted;120611;Ulsted sogn;57.05210795;10.3055738;C 62636;;;;;;;;;;Excluded from sampling (non-silver);Yes;Korsformet fibula, særform,Relieffibula, bronze, Early Germanic Iron Age;Konservering: Brede - bygning 07 - Metalværksted - Uspecificeret plads. Kommentar: Kasse 1/3;;;
145;Dommerby;130102;Dommerby sogn;56.52980642;9.037057152;C 62688;;;;;;;;;;Excluded from sampling (non-silver);Yes;Relief fibula (?), fragment, bronze, Early Germanic Iron Age;;;;
146;Lundsgård Mark;80811;Åsum sogn;55.41219023;10.478551;C 63337;;Hp.;;;;;;;;;Yes;Relief fibula fragment, silver w/ gilding (1.43 g.), Early Germanic Iron Age;;;;
147;Lundsgård Mark;80811;Åsum sogn;55.41219023;10.478551;C 63343;;Unc.;;;;;;;;;Yes;Relief fibula, fragment, silver w/ gilding (0.78 g.), Early Germanic Iron Age;;;;
148;Lundsgård Mark;80811;Åsum sogn;55.41219023;10.478551;C 63373;;Unc.;;;;;;;;;Yes;Relief fibula, fragment., silver., old. Early Germanic Iron Age yes.;;;;
149;Lundsgård Mark;80811;Åsum sogn;55.41219023;10.478551;C 63422;;Hp.;;;;;;;;;Yes;Relief fibula, fragment, silver w/ gilding (0.49 g), Early Germanic Iron Age;;;;
150;Lundsgård Mark;80811;Åsum sogn;55.41219023;10.478551;C 63426;;Hp.;;;;;;;;;Yes;Relief fibula w/ animal, fragment, silver w/ gilding (2.22 g), Early Germanic Iron Age;;;;
151;Lindagrene;90104;Gudme sogn;55.15816746;10.70832297;C 63649;;;;;;;;;;Excluded from sampling (non-silver);Yes;Relief fibula?, fragm. (foot), bronze, Early Germanic Iron Age;Konservering: Brede - bygning 07 - Metalværksted - Uspecificeret plads. ;;;
152;Egelundsparken;20205;Herstedvester sogn;55.65245339;12.33693312;C 63847;;;;;;;;;;Excluded from sampling (non-silver);Yes;Hoop fibula, cruciform or relief fibula, fragment (head plate), bronze,  Early Germanic Iron Age;Konservering: Brede - bygning 07 - Metalværksted - Uspecificeret plads. ;;;
153;Lindagrene;90104;Gudme sogn;55.15816746;10.70832297;C 63884;;Unc.;;;;;;;;;Yes;Relief fibula, fragment, silver (1.63g) w/gilding,  Early Germanic Iron Age;;;;
154;Lindagrene;90104;Gudme sogn;55.15816746;10.70832297;C 63919;;Fp.;;;;;;;;;Yes;Relief fibula, fragment., silver (0.67g), Early Germanic Iron Age;;;;
155;Lønborg Kirke;180605;Lønborg sogn;55.87885088;8.485611194;C 64047;;;;;;;;;;Excluded from sampling (non-silver);Yes;;;;;
156;Munke Bjergby;40108;Munke Bjergby sogn;55.49298777;11.57692253;C 64523;;;;;;;;;;Excluded from sampling (non-silver);Yes;Relief fibula, fragment, bronze,  Early Germanic Iron Age.;;;;
157;Hørup;10312;Slangerup sogn;55.85325889;12.11424927;C 64558;;;;;;;;;;Excluded from sampling (non-silver);Yes;Relief fibula, frag., miniature?, bronze, Early Germanic Iron Age;Konservering: Brede - bygning 07 - Metalværksted - Uspecificeret plads. ;;;
158;Neder Hallum;130810;Ravnstrup sogn;56.47520396;9.272238756;C 64818;;;;;;;;;;Excluded from sampling (non-silver);Yes;Relief fibula?, fragment., bronze, Early Germanic Iron Age;;;;
159;Lille Tårup;130111; Nørre Boris sogn;56.48526194;9.245880955;C 64856;;;;;;;;;;Excluded from sampling (non-silver);Yes;Relief fibula, frag., bronze, Early Germanic Iron Age;Konservering: Brede - bygning 07 - Metalværksted - Uspecificeret plads. Kommentar: Genstandene er ikke registreret med J.nr. kun under konserveringssag Danefæ_2024-02-16 efter forsøg med ny regitreringsmetode. ALBM har registreret dem under denne sag, jeg har blot pladsregistreret konserveringssagen/SWA;;;
160;Brændmosegård;20505;Karlstrup sogn;55.55770274;12.20462162;C 64866 a-b;;Fp.;;;;;;;;;Yes;Relief fibula (foot), fragment, silver w/ gilding,  Early Germanic Iron Age.;Konservering: Brede - bygning 07 - Metalværksted - Uspecificeret plads. ;;;
161;Gudme Iv;90104;Gudme sogn;55.15816746;10.70832297;C 65465;;Fp.;;;;;;;;;Yes;Relief fibula, fragment (foot), silver w/gilding (2.47 g.), Early Germanic Iron Age;Konservering: Brede - bygning 07 - Metalværksted - Uspecificeret plads. ;;;
162;Gudme Iv;90104;Gudme sogn;55.15816746;10.70832297;C 65472;;;;;;;;;;Excluded from sampling (non-silver);Yes;Fibula, fragm., relief fibula etc. cruciform fibula, bronze, Early Germanic Iron Age;Konservering: Brede - bygning 07 - Metalværksted - Uspecificeret plads. ;;;
163;Gudme Iv;90104;Gudme sogn;55.15816746;10.70832297;C 65473;;;;;;;;;;Excluded from sampling (non-silver);Yes;Fibula, fragm., relief fibula etc. cruciform fibula, bronze, Early Germanic Iron Age;Konservering: Brede - bygning 07 - Metalværksted - Uspecificeret plads. ;;;
164;Hillerslev Ii;110202;Hillerslev sogn;56.99472749;8.783686508;C 65589;;;;;;;;;;Excluded from sampling (non-silver);Yes;Relief fibula, fragm. (foot), bronze, Early Germanic Iron Age;;;;
165;Vetterslev;40219;Vetterslev sogn;55.39224798;11.76232373;C 65802;;;;;;;;;;Excluded from sampling (non-silver);Yes;Ornamental button, relief fibula, bronze with gilding, Early Germanic Iron Age.;;;;
166;Møllebjerg I-Ii;60106;Rutsker sogn;55.18975155;14.71935752;C 66057;;;;;;;;;;Excluded from sampling (non-silver);Yes;Relief fibula, fragment, bronze, Early Germanic Iron Age.;;;;
167;Kallehavegårdskatten;90704;Rise sogn;54.8807164;10.40189809;C 66242;;B.;;;;;;;;;Yes;Relief fibula, fragment, silver with gilding, Early Germanic Iron Age.;Konservering: Brede - bygning 07 - Metalværksted - Uspecificeret plads. ;;;
168;Kallehavegårdskatten;90704;Rise sogn;54.8807164;10.40189809;C 66427;;Unc.;;;;;;;;;Yes;Relief fibula?, silver with gilding, Early Germanic Iron Age.;Konservering: Brede - bygning 07 - Metalværksted - Uspecificeret plads. ;;;
169;Kallehavegårdskatten;90704;Rise sogn;54.8807164;10.40189809;C 66969;;Unc.;;;;;;;;;Yes;Relief fibula?, fragment, silver, Early Germanic Iron Age.;;;;
170;Kragelund;140410;Vindblæs sogn;56.67930867;10.14703653;C 67457;;;;;;;;;;Excluded from sampling (non-silver);Yes;Relief fibula (repair), fragment., bronze, Early Germanic Iron Age;Konservering: Brede - bygning 07 - Metalværksted - Uspecificeret plads. ;;;
171;Komdrup;120305;Komdrup sogn;56.9091595;10.10211374;C 67477;;Fp.;;;;;;;;;Yes;Relief fibula? (animal head), fragment, silver, Early Germanic Iron Age;Konservering: Brede - bygning 07 - Metalværksted - Uspecificeret plads. ;;;
172;Ågårdsmark;110704;Kettrup sogn;57.07003238;9.258152277;C 67602;;;;;;;;;;Excluded from sampling (non-silver);Yes;Relief fibula (foot), fragment., bronze, Early Germanic Iron Age;Konservering: Brede - bygning 07 - Metalværksted - Uspecificeret plads. ;;;
173;Karstoft;180209;Sevel sogn;56.42988859;8.993776321;C 67735;;;;;;;;;;Excluded from sampling (non-silver);Yes;Brace fibula, relief fibula? miniature, bronze, Early Germanic Iron Age;Konservering: Brede - bygning 07 - Metalværksted - Uspecificeret plads. ;;;
174;Forneby;70603;Engestofte sogn;54.74135103;11.58527431;C 68192;;B.+Hp.+Fp.;;;;;;;;;Yes;Relief fibula, fragment, silver, Early Germanic Iron Age;Udstilling: Prinsens Palais - stuen - rum 23 - Uspecificeret plads. Kommentar: Danefæudstillingen 2025;;;
175;Karstoft;180209;Sevel sogn;56.42988859;8.993776321;C 68205;;;;;;;;;;Excluded from sampling (non-silver);Yes;Relief fibula, fragm. (foot), bronze, Early Germanic Iron Age;Konservering: Brede - bygning 07 - Metalværksted - Uspecificeret plads. ;;;
176;Korshøjgaard;50408;Rønnebæk sogn;55.2035359;11.77306538;C 68217;;;;;;;;;;Excluded from sampling (non-silver);Yes;Relief fibula (import), frag., bronze, Early Germanic Iron Age;;;;
177;Hallelev;40318;Sønderup sogn;55.47837436;11.40800949;C 68314;;;;;;;;;;Excluded from sampling (non-silver);Yes;Relief fibula, fragm., (bracelet), bronze, Early Germanic Iron Age;Konservering: Brede - bygning 07 - Metalværksted - Uspecificeret plads. ;;;
178;Frøslev Matr. 10C;50601;Frøslev sogn;55.28897116;12.36058481;C 68469;;;;;;;;;;Excluded from sampling (non-silver);Yes;Relief fibula? (head), fragment, bronze, Early Germanic Iron Age.;;;;
179;Busbjergvej, Gerning;130502;Gerning sogn;56.36583628;9.721958931;C 68570;;;;;;;;;;Excluded from sampling (non-silver);Yes;Relief fibula, bronze with gilding, Early Germanic Iron Age.;;;;
180;Tokkendrup;80308;Østrup sogn;55.48454656;10.44133095;C 68876;;;;;;;;;;Excluded from sampling (non-silver);Yes;Hoop fibula, fragment, cruciform fibula or relief fibula (foot), silver? tin-containing bronze?, Early Germanic Iron Age;Konservering: Brede - bygning 07 - Metalværksted - Uspecificeret plads. ;;;
181;Ranum Øst;120710;Ranum sogn;56.92249916;9.198029188;C 68914;;;;;;;;;;Excluded from sampling (non-silver);Yes;Relief fibula, fragment, bronze, Early Germanic Iron Age.;;;;
182;Forneby;70603;Engestofte sogn;54.74135103;11.58527431;C 69226 a-u;;Hp.;;;;;;;;;Yes;Relief fibula, fragment, silver with gilding, Early Germanic Iron Age;Udstilling: Prinsens Palais - stuen - rum 23 - Uspecificeret plads. Kommentar: Danefæudstillingen 2025;;;
183;Kr. Skensved Syd;20507;Kirke Skensved sogn;55.51690256;12.13128001;C 69551;;;;;;;;;;Excluded from sampling (non-silver);Yes;Brace fibula, fragm. (foot), relief fibula?, bronze, age. Early Germanic Iron Age;Konservering: Brede - bygning 07 - Metalværksted - Uspecificeret plads. ;;;
184;Lillevorde;120106;Lillevorde sogn;56.98860148;10.06413655;C 69742;;;;;;;;;;Excluded from sampling (non-silver);Yes;Relief fibula? (miniature), bronze, Early Germanic Iron Age.;Studierum, pakkerum, kontorer : Prinsens Palais - kontor- og gangarealer - Uspecificeret plads. Kommentar: På rampen;;;
185;V. Torup By;110710;Vester Torup sogn;57.07053093;9.106737885;C 69752;;;;;;;;;;Excluded from sampling (non-silver);Yes;Relief fibula, hybrid, bronze, German. yes.;Konservering: Brede - bygning 07 - Metalværksted - Uspecificeret plads. ;;;
186;Gørding Kirke;190203;Gørding sogn;55.50150503;8.781180051;C 69860;;;;;;;;;;Excluded from sampling (non-silver);Yes;Relief fibula, fragment (foot), bronze, Early Germanic Iron Age;;;;
187;Skaftelev;40310;Nordrupvester sogn;55.49098246;11.46533845;C 70271;;Unc.;;;;;;;;;Yes;Relief fibula, fragment, silver, Early Germanic Iron Age;;;;
188;Nørrebøl, Lønborg;180605;Lønborg sogn;55.87885088;8.485611194;C 70333;;;;;;;;;;Excluded from sampling (non-silver);Yes;Relief fibula, fragment, bronze, Early Germanic Iron Age;;;;
189;Spegesilden;90706;Tranderup sogn;54.89356974;10.34376198;C 70731;;Unc.;;;;;;;;;Yes;Broken silver, relief fibula, silver (0.97g), Early Germanic Iron Age;;;;
190;Spegesilden;90706;Tranderup sogn;54.89356974;10.34376198;C 70732;;Hp.;;;;;;;;;Yes;Broken silver, relief fibula, silver (3.84g), Early Germanic Iron Age;;;;
191;Spegesilden;90706;Tranderup sogn;54.89356974;10.34376198;C 70739;;Unc.;;;;;;;;;Yes;Broken silver, relief fibula, silver(g), Early Germanic Iron Age;;;;
192;Spegesilden;90706;Tranderup sogn;54.89356974;10.34376198;C 70746;;Unc.;;;;;;;;;Yes;Broken silver, relief fibula, silver(g), Early Germanic Iron Age;;;;
193;Nybøllegård;90411;Hillerslev sogn;55.23512145;10.335926;C 70948;;;;;;;;;;Excluded from sampling (non-silver);Yes;Hoop fibula, cruciform or relief fibula, fragment (foot), special shape, bronze, Early Germanic Iron Age;;;;
194;Galsted, Haderslev;Unknown;Galsted sogn;55.158505;9.216198;DCCXXXVIII;;B.+Hp.;Not applicable;Not applicable;Not applicable;Not applicable;"Silver, gilded; equal?armed brooch, one endplate missing; central circular medallion separating two symmetrical endplates, featuring frontal human head with thick cheeks framed by spiral ornament; preserved endplate shows spiral panels and paired open?beaked animals confronting the central mask";Phase D1;Hoard;;Yes;Relief fibula;Udstilling: Prinsens Palais - stuen - rum 24 - Uspecificeret plads. Kommentar: ifølge udstillingsdatabasen 24.05.01;;;
195;Unknown;Unknown;Unknown;Unknown;Unknown;DCCCXXXII;;B.+Hp.+Fp.;;;;;;;;;Yes;Relief fibula;Magasin: B.10.2.02 - 03.01.02.1. Kommentar: Hjemkommet udlån;;;
196;Unknown;Unknown;Unknown;Unknown;Unknown;DCCCXXXIII;;B.+Hp.+Fp.;;;;;;;;;Yes;Relief fibula;Magasin: B.10.2.02 - 03.01.02.1. Kommentar: Hjemkommet udlån;;;
197;Unknown;Unknown;Unknown;Unknown;Unknown;DCCCXXXIV;;B.+Hp.+Fp.;;;;;;;;;Yes;Relief fibula + fragment.;Magasin: B.10.2.02 - 03.01.02.1. Kommentar: Hjemkommet udlån;;;
198;Bornholm;Unknown sogn;Unknown sogn;Unknown sogn;Unknown sogn;MMC;;;;;;;;;;Excluded from sampling (no image);No;Relief fibula;Retrodata: Ø.A.1.01 - 07.04.01.1. Kommentar: Ø.A.1.01, Plads: 07.04.01.1, GruppeNr.: 42;;;
199;Unknown sogn;Unknown sogn;Unknown sogn;Unknown sogn;Unknown sogn;635;;;;;;;;;;Excluded from sampling (no image);No;Relief fibula, gilded, Early Germanic Iron Age;;;;
200;Elsehoved;90107;Oure sogn;55,13762272;10,78038299;2700;;;;;;;;;;Excluded from sampling (non-silver);Yes;"""Relief fibula"" (gold tin fibula)";Udstilling: Prinsens Palais - stuen - rum 23 - Uspecificeret plads. Kommentar: ifølge udstillingsdatabasen 23.08.01;;;
201;Overhornbæk;131202;Hornbæk sogn;56,47056053;9,984219955;9614;;B.+Hp.+Fp.;;;;;;;;;Yes;Relief fibula;Magasin: B.10.2.02 - 03.01.04.1. ;;;
202;Horne Mølle;20212;Smørum sogn;55,7473005;12,29010025;10739;;B.+Hp.+Fp.;;;;;;;;;Yes;Relief fibula, silver w/gilding and niello, Early Germanic Iron Age;Udstilling: Prinsens Palais - stuen - rum 24 - Uspecificeret plads. ;;;
203;Hardenberg;70615;Radsted sogn;54,77927282;11,65155901;10884;;B.+Hp.;;;;;;;;;Yes;Relief fibula;Magasin: B.10.2.02 - 03.01.05.1. Kommentar: 43-44 fragmenter af sølv;;;
204;Bjørnsholm;120809;Bjørnsholm sogn;56,88444491;9,329966031;11495a;;B.+Hp.+Fp.;;;;;;;;;Yes;Relief fibula;Magasin: B.10.2.02 - 03.01.05.1. ;;;
205;Maglemose,Gummersmark;50101;Bjæverskov sogn;55,463019;12,04988072;12524;;B.+Hp.+Fp.;;;;;;;;;Yes;Relief fibula;Udstilling: Prinsens Palais - stuen - rum 23 - Uspecificeret plads. Kommentar: ifølge udstillingsdatabasen 23.03.02.01;;;
206;Bjørnsholm Sogn;120809;Overlade sogn;56,88444491;9,329966031;21405;;B.+Hp.+Fp.;;;;;;;;;Yes;Relief fibula;Magasin: B.10.2.02 - 04.01.01.1. ;;;
207;Skjerne;70103;Gundslev sogn;54,93414217;11,97579997;22147;;B.+Hp.+Fp.;;;;;;;;;Yes;Relief fibula;Udstilling: Prinsens Palais - stuen - rum 23 - Uspecificeret plads. Kommentar: ifølge udstillingsdatabasen 23.07.05;;;
208;Elsehoved;90107;Oure sogn;55,13762272;10,78038299;22375;2700-01,22375;;;;;;;;;Excluded from sampling (non-silver);Yes;"""Relief fibula"" (gold tin fibula)";Udstilling: Prinsens Palais - stuen - rum 23 - Uspecificeret plads. Kommentar: ifølge udstillingsdatabasen 23.08.01;;;
209;Dalshøj;60403;Ibsker sogn;55,08405089;15,07952444;Dnf. 1/51;;;;;;;;;;;Yes;Relief fibula;Udstilling: Prinsens Palais - stuen - rum 23 - Uspecificeret plads. Kommentar: ifølge udstillingsdatabasen 23.03.02.05;;;
210;Rytterbakken;60405;Østerlarsker sogn;55,16416079;14,97724492;Dnf. 1/92;;;;;;;;;;Excluded from sampling (non-silver);Yes;;Deponering: Bornholms Museum. ;;;
211;Biskopsenge;60403;Ibsker sogn;55,08405089;15,07952444;Dnf. 4/86;;B.+Hp.+Fp.;;;;;;;;;Yes;Relief fibula, silver with gilding, Early Germanic Iron Age;Retrodata: Kommentar: Overflyttet til udlån: BMR;;;
212;Klithuse;100708;Tranum sogn;57,13402604;9,452881874;Dnf. 8/41;;B.+Hp.+Fp.;;;;;;;;;Yes;Relief fibula, gold, silver, Early Germanic Iron Age.;Udstilling: Prinsens Palais - stuen - rum 23 - Uspecificeret plads. Kommentar: Udstilling, kort placeret i pakkeenhed 126443;;;
213;Bukkegård;60106; Rutsker sogn;55,18975155;14,71935752;Dnf. 11/85;;Hp.;;;;;;;;;Yes;Relief fibula (fragment of head plate), silver (2.42 g), Early Germanic Iron Age;Deponering: Bornholms Museum. ;;;
214;Agerskov;180304;Bording sogn;56,20177951;9,223494809;Dnf. 12/19;;B.+Hp.;;;;;;;;;Yes;Relief fibula, fragment, silver, gold, Early Germanic Iron Age.;Udstilling: Prinsens Palais - stuen - rum 23 - Uspecificeret plads. Kommentar: ifølge udstillingsdatabasen 23.03.02.08;;;
215;Lundeborg;90105;Hesselager sogn;55,21831091;10,78733227;Dnf. 13/97;;B.;;;;;;;;;Yes;Hoop fragment of relief fibula, gilded silver, Early Germanic Iron Age;Deponering: Svendborg Museum. Kommentar: Svendborg og Omegns Museum, Viebæltegård / Notat: Deponering: Indtil videre. - OBS: Danefæfund må kun monteres efter forudgående aftale med NMs Bevaringsafdeling.;;;
216;Sylten;60403;Ibsker sogn;55,08405089;15,07952444;Dnf. 25/88;;;;;;;;;;;Yes;Relief fibula (fragment of head plate), silver (1.46 g), Early Germanic Iron Age;Deponering: Bornholms Museum. ;;;
217;Sandegård;60205;Åker sogn;55,04363645;14,84805639;Dnf. 28/91;;;;;;;;;;Excluded from sampling (no image);No;Relief fibula (fragment of head plate), silver, Early Germanic Iron Age.;Deponering: Bornholms Museum. ;;;
218;Gudme I Vest;90104;Gudme sogn;55,15816746;10,70832297;Dnf. 37/96;;Unc.;;;;;;;;;Yes;Clip of relief fibula (Style I) with animal hoof., gilded silver (3.51 g);Deponering: Svendborg Museum. Kommentar: Svendborg og Omegns Museum, Viebæltegård / Notat: Deponering: Indtil videre. - Obs: De enkelte stykkers forsikringsværdi fordeler sig til totalbeløbet i forhold til deres vægt.;;;
219;;0; sogn;;;Dnf. 40/00;;Fp.;;;;;;;;;Yes;Fragment of a relief fibula, gilded silver (4.94 g), Early Germanic Iron Age.;Deponering: Museum Sydøstdanmark - Køge Museum. Kommentar: Notat: Deponering: Indtil videre.;;;
220;Kirke Skensved, Gammeltoft;20507;Kirke Skensved sogn;55,51690256;12,13128001;Dnf. 41/93;;;;;;;;;;Excluded from sampling (no image);No;Relief fibula, gold-plated (8.23g), Early Germanic Iron Age;;;;
221;Gudme I Vest;90104;Gudme sogn;55,15816746;10,70832297;Dnf. 41/96;;Unc.;;;;;;;;;Yes;Cut from relief fibula?, silver (1.48 g)(2 parts);Deponering: Svendborg Museum. Kommentar: Svendborg og Omegns Museum, Viebæltegård / Notat: Deponering: Indtil videre. - Obs: De enkelte stykkers forsikringsværdi fordeler sig til totalbeløbet i forhold til deres vægt.;;;
222;Østervang;20103;Ejby sogn;55,50914635;12,03697343;Dnf. 42/00;;Unc.;;;;;;;;;Yes;Folded fragment of relief fibula?, gilded silver (4.54 g), Early Germanic Iron Age;Deponering: Museum Sydøstdanmark - Køge Museum. Kommentar: Notat: Deponering: Indtil videre.;;;
223;Gudme-Området;90104;Gudme sogn;55,15816746;10,70832297;Dnf. 47/99;;B.;;;;;;;;;Yes;Fragment of a relief fibula, gilded silver (2.16 g), Early Germanic Iron Age;Udstilling: Prinsens Palais - stuen - rum 23 - Uspecificeret plads. Kommentar: ifølge udstillingsdatabasen 23.08.18;;;
224;Gudme-Området;90104;Gudme sogn;55,15816746;10,70832297;Dnf. 51/99;;Hp.;;;;;;;;;Yes;Fragment of a relief fibula, gilded silver (1.05 g) Early Germanic Iron Age;Udstilling: Prinsens Palais - stuen - rum 23 - Uspecificeret plads. Kommentar: ifølge udstillingsdatabasen 23.08.18;;;
225;Bakkegård / Agerbygård;60405;Østerlarsker sogn;55,16416079;14,97724492;Dnf. 56/97;;Fp.;;;;;;;;;Yes;Foot of relief fibula, gilded silver (13.5 g), Early Germanic Iron Age;Deponering: Bornholms Museum. ;;;
226;Gudme;90104;Gudme sogn;55,15816746;10,70832297;Dnf. 61/83;;B.+Fp.;;;;;;;;;Yes;Relief fibula;Udstilling: Prinsens Palais - stuen - rum 23 - Uspecificeret plads. Kommentar: ifølge udstillingsdatabasen 23.08.14;;;
227;Biskopsenge Iii B;60403;Ibsker sogn;55,08405089;15,07952444;Dnf. 62/00;;Hp. or Fp.;;;;;;;;;Yes;Footplate fragment of relief fibula, gilded silver (2.42 g.), Early Germanic Iron Age.;Deponering: Bornholms Museum. Kommentar: Notat: Deponering: Indtil videre.- OBS: Danefæfund må kun monteres efter forudgående aftale med NM's Bevaringsafdeling.;;;
228;Sandegård;60205;Åker sogn;55,04363645;14,84805639;Dnf. 65/93;;Fp.;;;;;;;;;Yes;Relief fibula with semicircular head plate (fragment), silver with gilding and niello(?), Early Germanic Iron Age;Deponering: Bornholms Museum. ;;;
229;Sandegård;60205;Åker sogn;55,04363645;14,84805639;Dnf. 66/93;;;;;;;;;;Excluded from sampling (no image);No;Relief fibula (fragmented foot), silver w/gilding, Early Germanic Iron Age;Deponering: Bornholms Museum. ;;;
230;Gudme-Området;90104;Gudme sogn;55,15816746;10,70832297;Dnf. 70/99;;Hp. or Fp.;;;;;;;;;Yes;Fragment of a relief fibula, gilded silver (1.75 g), Early Germanic Iron Age;Udstilling: Prinsens Palais - stuen - rum 23 - Uspecificeret plads. Kommentar: ifølge udstillingsdatabasen 23.08.18;;;
231;Østervang;20103;Ejby sogn;55,50914635;12,03697343;Dnf. 79/98;;Hp.;;;;;;;;;Yes;Fragment of a relief fibula head plate, gilded silver (10.13 g), Early Germanic Iron Age;Deponering: Museum Sydøstdanmark - Køge Museum. Kommentar: Notat: Deponering: Indtil videre.;;;
232;Karlshøj;60104;Klemensker sogn;55,17325787;14,71813581;Dnf. 82/96;;B.+Hp.;;;;;;;;;Yes;Fragment of a head plate for a relief fibula, silver with gilding, Early Germanic Iron Age;Deponering: Bornholms Museum. Kommentar: Notat: Deponering: Indtil videre.;;;
233;Sylten 2;60403;Ibsker sogn;55,08405089;15,07952444;Dnf. 119/90;;Hp.+Fp.;;;;;;;;;Yes;Relief fibula, fragment, silver w/gilding (7.56 g.), Early Germanic Iron Age;Deponering: Bornholms Museum. ;;;
234;Holsegård;60405;Østerlarsker sogn;55,16416079;14,97724492;Dnf. 119/97;;B.+Fp.;;;;;;;;;Yes;Fragment of foot for relief fibula, silver w/gilding (5.09 g), Early Germanic Iron Age;Deponering: Bornholms Museum. ;;;
235;Sylten 2;60403;Ibsker sogn;55,08405089;15,07952444;Dnf. 128/90;;;;;;;;;;Excluded from sampling (no image);No;Relief fibula, fragment, silver w/ gilding (4.01 g), Early Germanic Iron Age;Deponering: Bornholms Museum. ;;;
236;Sylten 2;60403;Ibsker sogn;55,08405089;15,07952444;Dnf. 148/90;;;;;;;;;;Excluded from sampling (no image);No;Relief fibula, fragment, silver w/ gilding (3.99 g.), Early Germanic Iron Age;Deponering: Bornholms Museum. ;;;
237;Smørengegård;60305;Vestermarie sogn;55,14096933;14,84932501;Dnf. 156/90;;;;;;;;;;Excluded from sampling (no image);No;Melted silver (relief fibula), silver (2.64 g.) Early Germanic Iron Age;Deponering: Bornholms Museum. Kommentar: Notat: Standard-hændelsen oprettet d.: 30-07-2013 15:26:56;;;
238;Sorte Muld;60403;Ibsker sogn;55,08405089;15,07952444;Dnf. 293/95;;Fp.;;;;;;;;;Yes;Fragment relief fibula, animal head, remains of piercing reused as pendant, silver, gilded (1.29 g), Early Germanic Iron Age.;Deponering: Bornholms Museum. ;;;
239;Sorte Muld;60403;Ibsker sogn;;;Dnf. 294/95;;Hp.;;;;;;;;;Yes;Gilded profiled knob from relief fibula, silver (1.88 g), Early Germanic Iron Age.;Deponering: Bornholms Museum. ;;;
240;Sylten 2;60403;Ibsker sogn;55,08405089;15,07952444;Dnf. 427/94;;B.;;;;;;;;;Yes;Fragment of a relief fibula, gilded silver, Early Germanic Iron Age.;Deponering: Bornholms Museum. ;;;
241;Sylten 2;60403;Ibsker sogn;55,08405089;15,07952444;Dnf. 428/94;;Unc.;;;;;;;;;Yes;Fragment of a relief fibula, gilded silver, Early Germanic Iron Age.;Deponering: Bornholms Museum. ;;;
242;Unknown;Unknown;Gudme sogn;55,15816746;10,70832297;GUI/484;;B.+Hp.+Fp.;;;;;;;;;Yes;Relief fibula;Udstilling: Prinsens Palais - stuen - rum 23 - Uspecificeret plads. Kommentar: ifølge udstillingsdatabasen 23.08.14;;;
243;Unknown;Unknown;Gudme sogn;55,15816746;10,70832297;C 45397;GUII/918;;;;;;;;;Excluded from sampling (non-silver);Yes;Relief fibula, bronze;;;;
244;Unknown;Unknown;Gudme sogn;55,15816746;10,70832297;C 45397 ;GUII/1020;;;;;;;;;Excluded from sampling (non-silver);Yes;Relief fibula, bronze, gilded;;;;
245;Unknown;Unknown;Gudme sogn;55,15816746;10,70832297;C 45397  ;GUII/1044;;;;;;;;;;Yes;Relief fibula, silver;;;;
246;Unknown;Unknown;Gudme sogn;55,15816746;10,70832297;C 45397  ;GUII/1045;;;;;;;;;;Yes;Relief fibula, finely ornamented, fragment, silver, gilded;;;;
247;Unknown;Unknown;Gudme sogn;55,15816746;10,70832297;C 45398;GUII/1594;;;;;;;;;;Yes;Relief fibula, silver, gilded;;;;
248;Unknown;Unknown;Gudme sogn;55,15816746;10,70832297;C 45399;GUII/1859;;;;;;;;;;Yes;Relief fibula, silver, gilded;;;;
249;Unknown;Unknown;Unknown;Unknown;Unknown;Boye753;;B.+Fp.;Early ridge-foot;;;;;Phase D1;Stray find;;Yes;Relief fibula;Magasin: B.10.2.02 - 03.01.03.1. ;;;
250;Unknown;Unknown;Unknown;Unknown;Unknown;Boye754;;B.+Hp.+Fp.;A-6;;;;;Phase D1;Stray find;;Yes;Relief fibula;Knækket spids: Magasin: B.10.2.02 - 03.01.03.1. ;;;
251;Unknown;Unknown;Unknown;Unknown;Unknown;Boye754;;;A-6;;;;;Phase D1;Stray find;;Yes;Relief fibula;Knækket spids: Magasin: B.10.2.02 - 03.01.03.1. ;;;
